turn_number,role,content,model_response,rating
1,user,1,,9
2,assistant,"Я помогу вам разобраться с темой ""Интуитивный подход к алгоритму kNN"". 

Можете:
1. Попросить объяснить материал подробнее
2. Задать конкретный вопрос по теме  
3. Попросить упражнения для практики
4. Проверить свое решение

Что выберете?","Я помогу вам разобраться с темой ""Интуитивный подход к алгоритму kNN"". 

Можете:
1. Попросить объяснить материал подробнее
2. Задать конкретный вопрос по теме  
3. Попросить упражнения для практики
4. Проверить свое решение

Что выберете?",9
3,user,1,,9
4,assistant,"Я помогу вам разобраться с темой ""Интуитивный подход к алгоритму kNN"". 

Можете:
1. Попросить объяснить материал подробнее
2. Задать конкретный вопрос по теме  
3. Попросить упражнения для практики
4. Проверить свое решение

Что выберете?","Я помогу вам разобраться с темой ""Интуитивный подход к алгоритму kNN"". 

Можете:
1. Попросить объяснить материал подробнее
2. Задать конкретный вопрос по теме  
3. Попросить упражнения для практики
4. Проверить свое решение

Что выберете?",9
5,user,Задай вопросы для проверки понимания,,9
6,assistant,"**Вопросы для проверки понимания:**

Какова основная идея алгоритма kNN? | Что означает параметр k в алгоритме? | Можете привести пример использования kNN из реальной жизни?

Выберите вопрос или задайте свой!","**Вопросы для проверки понимания:**

Какова основная идея алгоритма kNN? | Что означает параметр k в алгоритме? | Можете привести пример использования kNN из реальной жизни?

Выберите вопрос или задайте свой!",9
